date,temperature,humidity,co_ppm,pcl_concentration
"15/8/2023, 10:42:48","24,9","44,2","5,9",0
"15/8/2023, 10:42:54","24,8","43,8","6,28","4475770,5"
"15/8/2023, 10:42:58","24,8","45,1","5,63","2512539,5"
"15/8/2023, 10:43:03","24,9","46,1","6,4","1344660,87"
"15/8/2023, 10:43:08","24,8","45,4","5,99","8,59"
"15/8/2023, 10:43:13","24,8","44,6","6,19",0
"15/8/2023, 10:43:19","24,8","44,1","5,55","782096,56"
"15/8/2023, 10:43:24","24,8","43,8","6,11",1146084
"15/8/2023, 10:43:28","24,8","43,7","7,27",0
"15/8/2023, 10:43:33","24,8","43,6","7,12","318199,41"
"15/8/2023, 10:43:38","24,8","43,5","7,09","784911,12"
"15/8/2023, 10:43:43","24,8","43,5","5,32","668262,87"
"15/8/2023, 10:43:48","24,8","43,4","6,87","694865,69"
"15/8/2023, 10:43:53","24,8","43,4","5,59","214,87"
"15/8/2023, 10:43:58","24,8","43,4","6,86","313,9"
"15/8/2023, 10:44:03","24,8","43,4","6,82",0
"15/8/2023, 10:44:08","24,8","43,4","5,21","452871,84"
"15/8/2023, 10:44:13","24,8","43,4","7,2",0
"15/8/2023, 10:44:18","24,7","43,4","6,42","544640,12"
"15/8/2023, 10:44:23","24,7","43,4","5,82",449805
"15/8/2023, 10:44:28","24,7","43,5","5,83","390488,97"
"15/8/2023, 10:44:33","24,7","43,5","6,84",0
"15/8/2023, 10:44:38","24,7","43,5","5,34",0
"15/8/2023, 10:44:43","24,7","43,5","6,68","331327,38"
"15/8/2023, 10:44:48","24,7","43,3","7,3","307976,5"
"15/8/2023, 10:44:54","24,7","43,2","6,85","326929,69"
"15/8/2023, 10:44:58","24,7","43,2","5,98","328178,81"
"15/8/2023, 10:45:03","24,7","43,3","5,43",0
"15/8/2023, 10:45:08","24,6","43,3","7,04","217059,95"
"15/8/2023, 10:45:14","24,6","43,8","7,07",0
"15/8/2023, 10:45:19","24,6","44,3","5,96","90827,45"
"15/8/2023, 10:45:23","24,6",44,"5,09","2457,66"
"15/8/2023, 10:45:28","24,6","43,8","7,06","168536,41"
"15/8/2023, 10:45:34","24,6","43,7","5,19","269770,88"
"15/8/2023, 10:45:38","24,6","43,6","5,39",0
"15/8/2023, 10:45:43","24,6","43,5","7,27","258984,91"
"15/8/2023, 10:45:49","24,6","43,6","5,9","245903,7"
"15/8/2023, 10:45:53","24,6","43,6","6,27","173282,94"
"15/8/2023, 10:45:58","24,6","43,6","6,7","286753,59"
"15/8/2023, 10:46:03","24,5","43,6","5,59","261018,69"
"15/8/2023, 10:46:08","24,6","43,6","4,52",0
"15/8/2023, 10:46:13","24,6","43,6","3,92","178023,77"
"15/8/2023, 10:46:18","24,6","43,5","4,38","131829,36"
"15/8/2023, 10:46:24","24,6","43,6","4,82","197589,2"
"15/8/2023, 10:46:29","24,6","43,6","8,08",0
"15/8/2023, 10:46:33","24,6","43,6","7,34","70274,87"
"15/8/2023, 10:46:38","24,6","43,6","5,77","150983,67"
"15/8/2023, 10:46:43","24,6","43,5","7,09","221465,16"
"15/8/2023, 10:46:49","24,5","43,5","7,4","185835,86"
"15/8/2023, 10:46:53","24,5","43,5","6,57",0
"15/8/2023, 10:46:58","24,5","43,5","6,22","129,1"
"15/8/2023, 10:47:03","24,5","43,6","5,18",0
"15/8/2023, 10:47:08","24,5","43,6","5,2","146618,89"
"15/8/2023, 10:47:13","24,5","43,8","5,69",0
"15/8/2023, 10:47:19","24,5","43,9","5,83","162605,89"
"15/8/2023, 10:47:23","24,5","44,2","5,95","160159,33"
"15/8/2023, 10:47:28","24,5","45,5","5,73","94314,66"
"15/8/2023, 10:47:33","24,4",46,"5,55","99660,41"
"15/8/2023, 10:47:38","24,5","46,7","3,81",0
"15/8/2023, 10:47:43","24,4","46,3","5,94","157419,5"
"15/8/2023, 10:47:49","24,5","45,5","5,94","171016,09"
"15/8/2023, 10:47:53","24,4","44,8","5,82",0
"15/8/2023, 10:47:58","24,4","44,5","6,15","104960,74"
"15/8/2023, 10:48:03","24,4","44,4","5,14","47925,26"
"15/8/2023, 10:48:08","24,4","44,4","5,97","57610,57"
"15/8/2023, 10:48:14","24,4","44,5","4,65","136382,78"
"15/8/2023, 10:48:18","24,4","44,4","5,19",0
"15/8/2023, 10:48:23","24,4","44,1","4,48","130412,25"
"15/8/2023, 10:48:28","24,4",44,"5,04","80221,28"
"15/8/2023, 10:48:34","24,4","44,1","5,45","124580,73"
"15/8/2023, 10:48:38","24,4","44,1","5,08","95716,04"
"15/8/2023, 10:48:43","24,4","44,1","4,67","62572,51"
"15/8/2023, 10:48:48","24,4",44,"6,36","122797,05"
"15/8/2023, 10:48:54","24,4","44,1","5,39",0
"15/8/2023, 10:48:58","24,4",44,"5,07","10043,32"
"15/8/2023, 10:49:04","24,4","44,1","5,94","137352,14"
"15/8/2023, 10:49:08","24,4","44,1","5,7","108513,34"
"15/8/2023, 10:49:13","24,4",44,"5,82","119442,21"
"15/8/2023, 10:49:19","24,4","44,1","5,25","119169,45"
"15/8/2023, 10:49:23","24,4","44,1","4,98","92631,9"
"15/8/2023, 10:49:28","24,4","44,1","4,97","99761,27"
"15/8/2023, 10:49:33","24,4","44,2","5,51","126280,1"
"15/8/2023, 10:49:38","24,4","44,3","5,38","125522,74"
"15/8/2023, 10:49:43","24,4","44,2","5,63","106909,09"
"15/8/2023, 10:49:48","24,4","44,1","4,97",0
"15/8/2023, 10:49:53","24,4","44,1","5,03","38524,99"
"15/8/2023, 10:49:59","24,4",44,"6,42","103609,55"
"15/8/2023, 10:50:03","24,4","43,9","5,35","83997,27"
"15/8/2023, 10:50:08","24,4","43,8","5,41","100760,75"
"15/8/2023, 10:50:13","24,4","43,8","5,67","98681,42"
"15/8/2023, 10:50:18","24,4","43,9","5,96","100306,55"
"15/8/2023, 10:50:23","24,4",44,"6,43",0
"15/8/2023, 10:50:28","24,4",44,"5,84","84674,98"
"15/8/2023, 10:50:33","24,4",44,"5,71","86340,04"
"15/8/2023, 10:50:38","24,4","43,9","4,97","2386,1"
"15/8/2023, 10:50:43","24,4",44,"5,71","93799,59"
"15/8/2023, 10:50:48","24,4","44,1","5,52",0
"15/8/2023, 10:50:54","24,4","44,2","5,78","94811,96"
"15/8/2023, 10:50:59","24,4","44,2","5,83","81158,22"
"15/8/2023, 10:51:03","24,4","44,2","5,59","85494,36"
"15/8/2023, 10:51:08","24,4","44,2","5,89","100836,02"
"15/8/2023, 10:51:13","24,4","44,3","6,09","89053,76"
"15/8/2023, 10:51:18","24,4","44,3",6,"78041,38"
"15/8/2023, 10:51:23","24,4","44,3","5,47","86815,5"
"15/8/2023, 10:51:29","24,4","44,3","5,85","22802,32"
"15/8/2023, 10:51:34","24,4","44,3","5,51","64997,65"
"15/8/2023, 10:51:38","24,4","44,3","6,03","26956,93"
"15/8/2023, 10:51:43","24,4","44,3","6,42","61593,64"
"15/8/2023, 10:51:49","24,4","45,2","4,97","40601,98"
"15/8/2023, 10:51:53","24,4","46,4","5,55","56275,07"
"15/8/2023, 10:51:58","24,4","46,3","5,28","55492,9"
"15/8/2023, 10:52:03","24,4","45,5","5,22","82079,26"
"15/8/2023, 10:52:08","24,4",45,"5,69",0
"15/8/2023, 10:52:13","24,4","44,7","5,62","79289,37"
"15/8/2023, 10:52:18","24,4","44,5","6,43","77580,71"
"15/8/2023, 10:52:24","24,4","44,3","5,23","78172,56"
"15/8/2023, 10:52:29","24,4","44,2","6,05","78181,09"
"15/8/2023, 10:52:33","24,4","45,4","4,75","77150,21"
"15/8/2023, 10:52:39","24,4","45,9","5,04","77359,97"
"15/8/2023, 10:52:43","24,4","45,9","5,59","89184,91"
"15/8/2023, 10:52:48","24,4","45,6","5,41","76991,05"
"15/8/2023, 10:52:54","24,4","45,4","5,33","77379,19"
"15/8/2023, 10:52:58","24,4","45,2","6,01","73475,17"
"15/8/2023, 10:53:04","24,4","45,3","5,72","49070,08"
"15/8/2023, 10:53:08","24,4","45,2","6,33","43455,72"
"15/8/2023, 10:53:14","24,4",45,"5,62","54390,28"
"15/8/2023, 10:53:18","24,4","44,7","5,43","55473,23"
"15/8/2023, 10:53:23","24,4","44,5","5,51","24452,89"
"15/8/2023, 10:53:29","24,4","44,4","5,69","70453,46"
"15/8/2023, 10:53:34","24,4","44,4","5,19","50807,56"
"15/8/2023, 10:53:38","24,4","44,3","5,29",0
"15/8/2023, 10:53:44","24,5","44,1","5,97","80152,75"
"15/8/2023, 10:53:48","24,4",44,"5,26","17597,68"
"15/8/2023, 10:53:53","24,4","43,9","5,93","68113,95"
"15/8/2023, 10:53:59","24,4","43,9","5,19","68045,99"
"15/8/2023, 10:54:03","24,5","43,9","5,62","67071,85"
"15/8/2023, 10:54:09","24,5","43,8","5,78","66571,3"
"15/8/2023, 10:54:13","24,5","43,9","5,36",0
"15/8/2023, 10:54:18","24,5","43,9","4,97","49165,45"
"15/8/2023, 10:54:23","24,4",44,"4,96","75402,46"
"15/8/2023, 10:54:28","24,5","43,9","5,69",0
"15/8/2023, 10:54:33","24,4","43,9","5,18","39922,65"
"15/8/2023, 10:54:38","24,5","43,9","5,76",0
"15/8/2023, 10:54:43","24,4",44,"6,15","72449,02"
"15/8/2023, 10:54:48","24,5",44,"5,38","64005,16"
"15/8/2023, 10:54:53","24,5",44,"5,94","61868,73"
"15/8/2023, 10:54:58","24,4",44,"5,48","70624,34"
"15/8/2023, 10:55:03","24,4",44,"5,67","23577,65"
"15/8/2023, 10:55:08","24,5",44,"5,15","15558,31"
"15/8/2023, 10:55:13","24,4","44,1","5,01",0
"15/8/2023, 10:55:18","24,4",44,"5,49",0
"15/8/2023, 10:55:23","24,5",44,"6,36",0
"15/8/2023, 10:55:28","24,5","44,1","5,19","35718,04"
"15/8/2023, 10:55:33","24,5","44,2","5,05",0
"15/8/2023, 10:55:38","24,5","44,5","5,16",0
"15/8/2023, 10:55:43","24,5","44,3","5,86",0
"15/8/2023, 10:55:49","24,5","44,2","5,94","59402,53"
"15/8/2023, 10:55:53","24,5","44,3","5,55",0
"15/8/2023, 10:55:58","24,5","44,2","5,92",0
"15/8/2023, 10:56:03","24,5","44,1","6,02","36184,48"
"15/8/2023, 10:56:08","24,5","44,1","6,03",0
"15/8/2023, 10:56:13","24,5","44,1","5,61","50426,44"
"15/8/2023, 10:56:19","24,5",44,"5,86","55387,99"
"15/8/2023, 10:56:24","24,5","43,8","5,55","56332,6"
"15/8/2023, 10:56:28","24,4","43,8","5,77","51303,91"
"15/8/2023, 10:56:33","24,5","43,7","5,45","411,45"
"15/8/2023, 10:56:38","24,5","43,6","5,6","22640,35"
"15/8/2023, 10:56:43","24,5","43,6","5,74","53418,64"
"15/8/2023, 10:56:48","24,5","43,6","6,31","50296,63"
"15/8/2023, 10:56:53","24,4","43,7","5,69","50958,86"
"15/8/2023, 10:56:58","24,4","43,8","5,92","52400,91"
"15/8/2023, 10:57:03","24,4","43,7","6,33",0
"15/8/2023, 10:57:08","24,4","43,7","5,39","44743,41"
"15/8/2023, 10:57:13","24,4","43,7","5,99","41989,29"
"15/8/2023, 10:57:18","24,4","43,7","6,21","47991,02"
"15/8/2023, 10:57:23","24,4","43,7","5,76",0
"15/8/2023, 10:57:28","24,4","43,7","5,18","57074,61"
"15/8/2023, 10:57:33","24,4","43,6","6,17","31658,68"
"15/8/2023, 10:57:38","24,4","43,6","5,39",0
"15/8/2023, 10:57:43","24,4","43,6","6,03","45923,65"
"15/8/2023, 10:57:48","24,4","43,6","5,18","48159,11"
"15/8/2023, 10:57:53","24,4","43,6","5,86","0,72"
"15/8/2023, 10:57:59","24,4","43,5","6,19","51439,54"
"15/8/2023, 10:58:03","24,4","43,5","5,82","1466,46"
"15/8/2023, 10:58:09","24,4","43,4","6,36","50246,71"
"15/8/2023, 10:58:13","24,4","43,4","5,19",0
"15/8/2023, 10:58:19","24,3","43,4","6,22","31246,22"
"15/8/2023, 10:58:24","24,4","43,4","5,77",24729
"15/8/2023, 10:58:28","24,3","43,4","5,9",0
"15/8/2023, 10:58:33","24,3","43,4","5,96","41883,91"
"15/8/2023, 10:58:38","24,3","43,4","5,39","39250,19"
"15/8/2023, 10:58:43","24,3","43,4","6,15",0
"15/8/2023, 10:58:48","24,3","43,4","5,69",0
"15/8/2023, 10:58:53","24,3","43,5","5,95",0
"15/8/2023, 10:58:58","24,3","43,6","6,04",0
"15/8/2023, 10:59:03","24,3","43,6","5,31","22584,99"
"15/8/2023, 10:59:08","24,2","43,6","5,52","45808,48"
"15/8/2023, 10:59:13","24,3","43,7","5,85",0
"15/8/2023, 10:59:18","24,3","43,7","6,33",0
"15/8/2023, 10:59:23","24,3","43,7","5,59","54336,95"
"15/8/2023, 10:59:29","24,2","43,7","5,27","46909,52"
"15/8/2023, 10:59:33","24,2","43,8","5,82","33410,42"
"15/8/2023, 10:59:39","24,2","43,9","5,44","44078,62"
"15/8/2023, 10:59:43","24,2","43,9","5,35","44908,86"
"15/8/2023, 10:59:48","24,2","43,8","5,18",0
"15/8/2023, 10:59:53","24,2","43,8","5,64","53982,98"
"15/8/2023, 10:59:58","24,2","43,7","5,99","45155,36"
"15/8/2023, 11:00:03","24,2","43,7","5,89","41548,5"
"15/8/2023, 11:00:08","24,2","43,9","5,52",0
"15/8/2023, 11:00:13","24,2",44,"6,07","48876,91"
"15/8/2023, 11:00:19","24,2","44,5","5,35","45459,32"
"15/8/2023, 11:00:23","24,2","45,9","6,02",0
"15/8/2023, 11:00:28","24,2","46,3","5,47","15196,35"
"15/8/2023, 11:00:33","24,2","46,4","5,21","42170,5"
"15/8/2023, 11:00:38","24,2","45,7","5,59",0
"15/8/2023, 11:00:43","24,2","45,1","5,46","35802,78"
"15/8/2023, 11:00:48","24,2","44,8","5,7","41110,45"
"15/8/2023, 11:00:53","24,2","44,6","5,3","42908,16"
"15/8/2023, 11:00:58","24,2","44,7","5,9","38131,66"
"15/8/2023, 11:01:03","24,2","44,9","5,45","0,4"
"15/8/2023, 11:01:08","24,2","45,5",6,0
"15/8/2023, 11:01:14","24,2","48,3","5,23","42538,3"
"15/8/2023, 11:01:18","24,2","47,6","5,69","17400,85"
"15/8/2023, 11:01:24","24,2","46,2","6,07","40565,52"
"15/8/2023, 11:01:29","24,2","45,5","5,44","26903,88"
"15/8/2023, 11:01:33","24,2","44,9","5,35","0,19"
"15/8/2023, 11:01:38","24,2","44,8","5,24",0
"15/8/2023, 11:01:43","24,2","44,6","5,75","38094,11"
"15/8/2023, 11:01:49","24,2","44,5","6,11","40267,02"
"15/8/2023, 11:01:53","24,2","44,4","5,18","40460,85"
"15/8/2023, 11:01:58","24,2","44,4","5,6","0,38"
"15/8/2023, 11:02:03","24,2","44,4","5,41",0
"15/8/2023, 11:02:08","24,2","44,6","5,36","37867,86"
"15/8/2023, 11:02:13","24,2","44,6","5,64",0
"15/8/2023, 11:02:18","24,2","44,4","5,36","38057,55"
"15/8/2023, 11:02:24","24,2","44,3","5,69","18629,05"
"15/8/2023, 11:02:29","24,2","44,2","5,25",0
"15/8/2023, 11:02:33","24,2","44,1","5,92","9619,45"
"15/8/2023, 11:02:39","24,2","44,2","5,94","37522,37"
"15/8/2023, 11:02:43","24,2","44,3","5,52","17937,42"
"15/8/2023, 11:02:48","24,2","44,5","5,89",0
"15/8/2023, 11:02:53","24,2","44,5","5,23","31963,77"
"15/8/2023, 11:02:59","24,2","44,6","4,12",0
"15/8/2023, 11:03:03","24,2","44,5","7,06",0
"15/8/2023, 11:03:08","24,2","44,6","5,41","10655,11"
"15/8/2023, 11:03:15","24,3","44,4","5,69",0
"15/8/2023, 11:03:19","24,2","44,3","4,38",0
"15/8/2023, 11:03:23","24,3","44,2","5,36","6407,31"
"15/8/2023, 11:03:28","24,2","44,3","4,92",0
"15/8/2023, 11:03:33","24,3","44,3","5,18",0
"15/8/2023, 11:03:38","24,3","44,3","4,87",0
"15/8/2023, 11:03:43","24,3","44,2","5,82",0
"15/8/2023, 11:03:48","24,3","44,2","4,77","48299,89"
"15/8/2023, 11:03:53","24,3","44,2","5,12","21609,13"
"15/8/2023, 11:03:58","24,3","44,1","4,41",0
"15/8/2023, 11:04:03","24,3","44,1","5,36","13432,89"
"15/8/2023, 11:04:08","24,3","44,2","4,8","34735,91"
"15/8/2023, 11:04:13","24,3","44,3","5,42",0
"15/8/2023, 11:04:18","24,3","44,4","4,54","19313,38"
"15/8/2023, 11:04:23","24,3","44,4","4,89",0
"15/8/2023, 11:04:28","24,3","44,3","4,75",0
"15/8/2023, 11:04:35","24,3","44,2","4,26",0
"15/8/2023, 11:04:39","24,3","44,1","5,79","29499,85"
"15/8/2023, 11:04:43","24,3","44,1","4,69","628,43"
"15/8/2023, 11:04:48","24,3","44,1","5,84",0
"15/8/2023, 11:04:53","24,3","44,2","5,61","34851,63"
"15/8/2023, 11:04:58","24,3","44,2","5,55","29759,97"
"15/8/2023, 11:05:03","24,3","44,3","5,61",0
"15/8/2023, 11:05:08","24,3","44,2","4,93",0
"15/8/2023, 11:05:13","24,3","44,2","5,04",0
"15/8/2023, 11:05:18","24,3","44,3","5,29","33905,05"
"15/8/2023, 11:05:23","24,3","44,4","5,18",0
"15/8/2023, 11:05:28","24,3",45,"5,19",0
"15/8/2023, 11:05:33","24,3","45,9","4,72","461,73"
"15/8/2023, 11:05:39","24,3","45,6","5,04","33997,49"
"15/8/2023, 11:05:43","24,3","47,5","4,95","18476,06"
"15/8/2023, 11:05:48","24,3","46,4","4,8","10867,71"
"15/8/2023, 11:05:53","24,3","45,9","5,22",0
"15/8/2023, 11:05:59","24,3",47,"5,11","31725,9"
"15/8/2023, 11:06:03","24,3","46,3","5,2","29611,43"
"15/8/2023, 11:06:08","24,4","45,6","5,31","329,72"
"15/8/2023, 11:06:14","24,3","45,6","5,18","32055,46"
"15/8/2023, 11:06:19","24,3","45,7","5,03","12042,92"
"15/8/2023, 11:06:23","24,4","46,2","4,47","31733,2"
"15/8/2023, 11:06:28","24,3","45,4","4,54",0
"15/8/2023, 11:06:33","24,3","44,6","4,66",0
"15/8/2023, 11:06:38","24,4","44,3","4,89","31156,07"
"15/8/2023, 11:06:43","24,4","44,1","4,8","31087,98"
"15/8/2023, 11:06:48","24,3","46,3","5,13",0
"15/8/2023, 11:06:53","24,4","47,8","5,35","28472,48"
"15/8/2023, 11:06:58","24,4","48,7","4,94","29618,92"
"15/8/2023, 11:07:03","24,4","48,4","4,87","3379,94"
"15/8/2023, 11:07:09","24,4","47,7","4,69","34288,39"
"15/8/2023, 11:07:14","24,4","46,8","4,92",0
"15/8/2023, 11:07:18","24,4","45,6","4,64","13516,89"
"15/8/2023, 11:07:23","24,4","46,2","5,43",0
"15/8/2023, 11:07:28","24,4","48,2","5,04","18673,41"
"15/8/2023, 11:07:33","24,4","48,7","5,17","9994,45"
"15/8/2023, 11:07:38","24,4","48,5","4,8","29946,13"
"15/8/2023, 11:07:43","24,4","48,5","5,32","26407,79"
"15/8/2023, 11:07:48","24,4","48,8","5,18",14542
"15/8/2023, 11:07:53","24,4",48,"5,33","34601,48"
"15/8/2023, 11:07:58","24,4","47,6","5,21","13072,45"
"15/8/2023, 11:08:03","24,4","47,6","5,35","24995,09"
"15/8/2023, 11:08:08","24,4",47,"4,53",0
"15/8/2023, 11:08:13","24,4",46,"4,26","28715,25"
"15/8/2023, 11:08:19","24,4","45,4","5,42",0
"15/8/2023, 11:08:23","24,4","44,9","5,11","28277,96"
"15/8/2023, 11:08:28","24,4","44,7","5,02",0
"15/8/2023, 11:08:34","24,4","44,6","5,41","27188,97"
"15/8/2023, 11:08:38","24,4","44,4","4,74","16030,45"
"15/8/2023, 11:08:43","24,3","44,4","5,07",0
"15/8/2023, 11:08:48","24,4",46,"5,83",0
"15/8/2023, 11:08:53","24,4","45,7","5,12",0
"15/8/2023, 11:08:58","24,4","45,3","4,89",0
"15/8/2023, 11:09:03","24,4","44,9","4,62",0
"15/8/2023, 11:09:09","24,4","44,6","6,68","29981,96"
"15/8/2023, 11:09:13","24,3","46,2","7,12","24751,49"
"15/8/2023, 11:09:18","24,3","46,8","6,96","26983,12"
"15/8/2023, 11:09:23","24,3","46,1","6,12","10187,86"
"15/8/2023, 11:09:28","24,3","47,4","6,55",0
"15/8/2023, 11:09:33","24,3","47,2","6,69","14743,62"
"15/8/2023, 11:09:39","24,3","46,7","4,7","45302,16"
"15/8/2023, 11:09:43","24,3","46,4","4,66","11124,75"
"15/8/2023, 11:09:48","24,3","45,7","5,61","19,32"
"15/8/2023, 11:09:54","24,3","45,1","6,02","25824,14"
"15/8/2023, 11:09:58","24,3","45,7","5,79","12321,42"
"15/8/2023, 11:10:03","24,3","45,7","5,21","22595,06"
"15/8/2023, 11:10:09","24,3","45,4","5,83","32526,25"
"15/8/2023, 11:10:13","24,3","44,9","5,39","28811,49"
"15/8/2023, 11:10:19","24,3","44,6","5,46","28169,38"
"15/8/2023, 11:10:23","24,3","44,7","5,43",0
"15/8/2023, 11:11:10","24,3","44,1","5,78","187600,98"
"15/8/2023, 11:11:16","24,3",44,"5,19",0
"15/8/2023, 11:11:22","24,3","44,1","4,89","1254879,5"
"15/8/2023, 11:11:29","24,3","44,1","6,15","29754,4"
"15/8/2023, 11:11:35","24,3","44,1","6,03",0
"15/8/2023, 11:11:41","24,2","44,1","5,16","416111,69"
"15/8/2023, 11:11:48","24,2","44,2","6,33","305850,19"
"15/8/2023, 11:11:54","24,2","44,1","5,45","215798,45"
"15/8/2023, 11:12:01","24,2","44,3","5,29","66000,34"
"15/8/2023, 11:12:07","24,2",46,"5,18",0
"15/8/2023, 11:12:13","24,2","46,7","5,93",0
"15/8/2023, 11:12:20","24,2",46,"6,03","136299,02"
"15/8/2023, 11:12:26","24,2","45,5","5,87","262149,22"
"15/8/2023, 11:12:32","24,2","45,2","5,6",0
"15/8/2023, 11:12:38","24,2","44,7","6,14","339017,72"
"15/8/2023, 11:12:44","24,2","44,5","5,65","10871,27"
"15/8/2023, 11:12:50","24,2","44,5","5,15","183159,77"
"15/8/2023, 11:12:58","24,2","45,8","5,91",0
"15/8/2023, 11:13:04","24,2","47,3","5,7","220994,25"
"15/8/2023, 11:13:11","24,3","46,3","6,11","102134,49"
"15/8/2023, 11:13:17","24,2","45,3","6,36","157661,91"
"15/8/2023, 11:13:24","24,2","44,9","5,8","302158,19"
"15/8/2023, 11:13:30","24,2","44,6","5,55",0
"15/8/2023, 11:13:37","24,2","44,5","6,53","181884,98"
"15/8/2023, 11:13:43","24,2","44,4","5,69","131688,8"
"15/8/2023, 11:13:50","24,2","44,9","6,19","182159,13"
"15/8/2023, 11:13:56","24,2","45,4","5,54",0
"15/8/2023, 11:14:02","24,2","45,1","5,5","5403,19"
"15/8/2023, 11:17:52","24,3",45,"6,12",0
"15/8/2023, 11:17:57","24,3","44,9","7,02",0
"15/8/2023, 11:18:01","24,2","44,7","6,91","57,22"
"15/8/2023, 11:18:07","24,3","44,6","6,59",0
"15/8/2023, 11:18:11","24,2","44,7","6,15","1083266,75"
"15/8/2023, 11:18:18","24,3","44,8","6,46","28,8"
"15/8/2023, 11:18:24","24,2","44,9","5,89","1744498,87"
"15/8/2023, 11:18:28","24,2","44,8","6,87","429483,87"
"15/8/2023, 11:18:32","24,2","44,7","6,6","143705,48"
"15/8/2023, 11:18:36","24,2","44,8","5,87","450623,16"
"15/8/2023, 11:18:41","24,2","44,7","6,02","554621,75"
"15/8/2023, 11:18:47","24,2","44,5","6,69","691225,31"
"15/8/2023, 11:18:51","24,2","44,4","6,39","393645,63"
"15/8/2023, 11:18:56","24,2","44,3","6,31","554244,81"
"15/8/2023, 11:19:01","24,2","44,2","6,73","11,58"
"15/8/2023, 11:19:06","24,2","44,1","6,4",0
"15/8/2023, 11:19:11","24,2","44,1","6,45","411241,47"
"15/8/2023, 11:19:16","24,2","44,1","6,85",0
"15/8/2023, 11:19:21","24,2","44,2","6,09",0
"15/8/2023, 11:19:26","24,2","44,3","5,74",0
"15/8/2023, 11:19:31","24,2","44,3","6,43",0
"15/8/2023, 11:19:36","24,2","46,1","6,44","7,9"
"15/8/2023, 11:19:41","24,2","46,5","6,8","359141,5"
"15/8/2023, 11:19:46","24,2","46,1","6,95",0
"15/8/2023, 11:19:51","24,2","45,4","6,32",0
"15/8/2023, 11:19:56","24,2","45,1","5,23","316994,91"
"15/8/2023, 11:20:01","24,3",45,"6,1","186876,3"
"15/8/2023, 11:20:06","24,2","44,9","5,98",0
"15/8/2023, 11:20:11","24,2","44,8","6,84",0
"15/8/2023, 11:20:16","24,2","44,7","5,93",0
"15/8/2023, 11:20:21","24,2","44,7","5,17","5,63"
"15/8/2023, 11:20:27","24,2","46,1","6,89","282535,38"
"15/8/2023, 11:20:31","24,2","45,5","6,52","113219,53"
"15/8/2023, 11:20:38","24,2","45,1","6,35",0
"15/8/2023, 11:20:42","24,2","45,5","5,69","186808,98"
"15/8/2023, 11:20:46","24,2","45,5","5,92","147021,69"
"15/8/2023, 11:20:52","24,2","45,3","6,34",0
"15/8/2023, 11:20:57","24,2","45,3","6,07","218298,33"
"15/8/2023, 11:21:01","24,2","45,2","6,34",0
"15/8/2023, 11:21:06","24,2",45,"6,94","238407,34"
"15/8/2023, 11:21:11","24,2",45,"5,05",0
"15/8/2023, 11:21:16","24,2",45,"7,01","199057,89"
"15/8/2023, 11:21:21","24,2","44,8","6,46","180405,44"
"15/8/2023, 11:21:26","24,2","44,7","5,27","207563,31"
"15/8/2023, 11:21:31","24,2","44,7","6,69","3,87"
"15/8/2023, 11:21:36","24,2","44,8","6,33","183834,95"
"15/8/2023, 11:21:42","24,2","44,8","6,4","189976,44"
"15/8/2023, 11:21:46","24,2","44,8","6,78","3,63"
"15/8/2023, 11:21:52","24,2","44,8","6,44","244997,62"
"15/8/2023, 11:21:56","24,2","44,8","4,86","177724,97"
"15/8/2023, 11:22:01","24,2","44,7","5,19",0
"15/8/2023, 11:22:06","24,2","44,8","6,99","3,35"
"15/8/2023, 11:22:11","24,2",45,"6,33","179183,48"
"15/8/2023, 11:22:16","24,2","44,9","6,17","55229,15"
"15/8/2023, 11:22:21","24,2","44,9","6,26","73071,44"
"15/8/2023, 11:22:26","24,2","44,8","6,18",0
"15/8/2023, 11:22:31","24,2","44,8","5,94","82321,74"
"15/8/2023, 11:22:36","24,2","44,9","6,49","137106,64"
"15/8/2023, 11:22:42","24,2","45,1","5,96","148870,38"
"15/8/2023, 11:22:47","24,2","45,1","6,23","153652,09"
"15/8/2023, 11:22:51","24,2",45,"5,22","137973,42"
"15/8/2023, 11:22:57","24,2",45,"6,46",135616
"15/8/2023, 11:23:01","24,2","44,9","5,65","138027,53"
"15/8/2023, 11:23:07","24,2","44,8","6,03","129160,74"
"15/8/2023, 11:23:11","24,2","44,7","5,3","123206,56"
"15/8/2023, 11:23:16","24,2","45,4","6,2","124235,09"
"15/8/2023, 11:23:21","24,2","45,8","5,87","54946,94"
"15/8/2023, 11:23:27","24,2","46,2","6,65","136657,23"
"15/8/2023, 11:23:31","24,2","46,2","7,29","115901,48"
"15/8/2023, 11:23:37","24,2","46,4","6,06","139764,22"
"15/8/2023, 11:23:42","24,2","46,2","5,87","123154,41"
"15/8/2023, 11:23:46","24,2","46,1","5,75","111025,44"
"15/8/2023, 11:23:51","24,2","45,7","6,37","53496,21"
"15/8/2023, 11:23:56","24,2","45,5","6,58","117477,8"
"15/8/2023, 11:24:01","24,2","47,3","6,29","121423,8"
"15/8/2023, 11:24:07","24,2","47,3","5,69","56761,78"
"15/8/2023, 11:24:11","24,2","46,9","6,95",0
"15/8/2023, 11:24:16","24,2","46,4","6,01","108432,95"
"15/8/2023, 11:24:21","24,2","46,1","5,8","113312,55"
"15/8/2023, 11:24:27","24,2","46,7","5,43",62908
"15/8/2023, 11:24:32","24,2","46,3","5,8","108818,91"
"15/8/2023, 11:24:36","24,2","45,8","5,96",0
"15/8/2023, 11:24:41","24,2","46,5","6,68",0
"15/8/2023, 11:24:46","24,2","46,3","6,78","49972,99"
"15/8/2023, 11:24:51","24,2","45,8","6,43","64189,39"
"15/8/2023, 11:24:56","24,2","45,4","6,61","107392,38"
"15/8/2023, 11:25:02","24,2",45,"6,56","97123,59"
"15/8/2023, 11:25:06","24,2","44,9","6,54","94541,16"
"15/8/2023, 11:25:11","24,2","44,9","5,93","95832,91"
"15/8/2023, 11:25:16","24,2","44,9","6,08","99948,23"
"15/8/2023, 11:25:21","24,2","44,9","6,71","206,99"
"15/8/2023, 11:25:27","24,2","44,7","5,75","103404,22"
"15/8/2023, 11:25:31","24,2","45,1","6,15","92066,52"
"15/8/2023, 11:25:36","24,2","45,5","6,19","97169,23"
"15/8/2023, 11:25:41","24,2","46,1","6,96","82444,06"
"15/8/2023, 11:25:46","24,2","45,8","6,64","35186,3"
"15/8/2023, 11:25:52","24,2","45,3","6,2","95334,87"
"15/8/2023, 11:25:56","24,2","44,9","5,71","58630,17"
"15/8/2023, 11:26:01","24,3","44,7","5,94","80697,61"
"15/8/2023, 11:26:06","24,2","44,6","5,86",0
"15/8/2023, 11:26:12","24,2","44,5","6,48","73473,59"
"15/8/2023, 11:26:16","24,2","44,5","6,65",0
"15/8/2023, 11:26:21","24,2","44,4","6,63","49046,41"
"15/8/2023, 11:26:28","24,2","44,4","5,76",0
"15/8/2023, 11:26:32","24,2","44,4","4,62","71642,45"
"15/8/2023, 11:26:36","24,2","44,8","5,05","76680,78"
"15/8/2023, 11:26:41","24,3","44,8","4,71","76909,2"
"15/8/2023, 11:26:47","24,2","44,6","4,52","76034,63"
"15/8/2023, 11:26:51","24,3","44,4","4,64","75044,7"
"15/8/2023, 11:26:56","24,3","44,4","4,76",0
"15/8/2023, 11:27:01","24,3","44,3","5,18","19297,65"
"15/8/2023, 11:27:07","24,2","44,3","4,15",0
"15/8/2023, 11:27:11","24,3","44,4","5,9",0
"15/8/2023, 11:27:16","24,3","44,5","4,63",0
"15/8/2023, 11:27:21","24,3","44,5","4,92","1,52"
"15/8/2023, 11:27:27","24,3","44,6","5,96","64244,46"
"15/8/2023, 11:27:31","24,3","44,6","5,12",0
"15/8/2023, 11:27:37","24,3","44,6","5,05","129987,26"
"15/8/2023, 11:27:41","24,3","44,6","5,12",0
"15/8/2023, 11:27:47","24,3","44,5","5,35","74728,78"
"15/8/2023, 11:27:51","24,2","44,4","6,52",0
"15/8/2023, 11:27:57","24,3","44,4","4,47","68229,82"
"15/8/2023, 11:28:01","24,3","44,4","5,7",0
"15/8/2023, 11:28:06","24,3","44,4","5,93","31754,66"
"15/8/2023, 11:28:11","24,3","44,4","6,44",0
"15/8/2023, 11:28:16","24,3","44,4","4,3","1,38"
"15/8/2023, 11:28:21","24,3","44,4","5,77","144,89"
"15/8/2023, 11:28:26","24,3","44,3","4,63",0
"15/8/2023, 11:28:31","24,3","44,5","6,2","1,35"
"15/8/2023, 11:28:36","24,3","44,4","5,18","63126,12"
"15/8/2023, 11:28:41","24,3","44,4","5,7","57028,48"
"15/8/2023, 11:28:46","24,2","44,2","5,01",14865
"15/8/2023, 11:28:51","24,3","44,2","5,65","55681,96"
"15/8/2023, 11:28:56","24,3","44,2","5,23",0
"15/8/2023, 11:29:01","24,3","44,4","5,82",0
"15/8/2023, 11:29:06","24,3","44,4","3,79","105,49"
"15/8/2023, 11:29:11","24,3","44,4","5,5",0
"15/8/2023, 11:29:17","24,3","44,4","4,8","62239,51"
"15/8/2023, 11:29:21","24,3","44,4","5,17","37,02"
"15/8/2023, 11:29:27","24,3",45,"4,66","65577,37"
"15/8/2023, 11:29:32","24,3","44,9","4,36","49740,45"
"15/8/2023, 11:29:37","24,3","45,3","4,37","32978,71"
"15/8/2023, 11:29:42","24,3","46,2","4,51",0
"15/8/2023, 11:29:46","24,3","46,5","5,22","56118,29"
"15/8/2023, 11:29:51","24,3","45,9","5,16",0
"15/8/2023, 11:29:57","24,3","45,3","5,2","55343,3"
"15/8/2023, 11:30:01","24,3","46,5","5,46","53790,35"
"15/8/2023, 11:30:06","24,3","46,4","5,26","35705,55"
"15/8/2023, 11:30:11","24,3","47,7","4,47","52714,33"
"15/8/2023, 11:30:16","24,3","47,5","4,73","56954,27"
"15/8/2023, 11:30:21","24,3","46,5",5,"57128,07"
"15/8/2023, 11:30:27","24,3","45,8","4,92","58565,41"
"15/8/2023, 11:30:32","24,3","45,3","5,06","54773,97"
"15/8/2023, 11:30:37","24,3","45,1","4,96","37119,77"
"15/8/2023, 11:30:42","24,3","47,6","5,32","30564,25"
"15/8/2023, 11:30:47","24,3","46,7","5,44","60654,91"
"15/8/2023, 11:30:52","24,3","46,3","4,8","61474,39"
"15/8/2023, 11:30:56","24,3","45,9","5,03","53602,44"
"15/8/2023, 11:31:02","24,3","45,4","5,12","48668,22"
"15/8/2023, 11:31:06","24,3","46,5","5,3","47327,16"
"15/8/2023, 11:31:12","24,3","46,3","5,52","34840,73"
"15/8/2023, 11:31:16","24,3","46,4","5,11","21508,21"
"15/8/2023, 11:31:21","24,3","45,9","5,43",0
"15/8/2023, 11:31:26","24,3","45,3","4,2","55629,04"
"15/8/2023, 11:31:32","24,3",45,"5,74","57895,11"
"15/8/2023, 11:31:37","24,3","44,9","5,83","52010,43"
"15/8/2023, 11:31:41","24,3","44,8","4,73","28177,29"
"15/8/2023, 11:31:46","24,3","44,7","5,43","53659,21"
"15/8/2023, 11:31:51","24,3","44,6","5,11","52570,85"
"15/8/2023, 11:31:57","24,3","44,8","5,85","52494,91"
"15/8/2023, 11:32:01","24,3","45,2","4,53",0
"15/8/2023, 11:32:07","24,4","45,2","4,11","43470,09"
"15/8/2023, 11:33:18","24,3","44,5","4,66","145935,73"
"15/8/2023, 11:33:22","24,3","44,5","4,34","5060918,5"
"15/8/2023, 11:33:27","24,3","44,6","5,53",0
"15/8/2023, 11:33:32","24,3","44,5","4,58","2345386,5"
"15/8/2023, 11:33:36","24,3","44,5","5,32",0
"15/8/2023, 11:33:41","24,3","44,5","5,26","291356,34"
"15/8/2023, 11:33:46","24,3","44,5","4,81",0
"15/8/2023, 11:33:52","24,3","44,5","4,51","932565,37"
"15/8/2023, 11:33:56","24,3","44,5","5,02","873565,37"
"15/8/2023, 11:34:02","24,3","44,6","4,65","887440,87"
"15/8/2023, 11:34:06","24,3","44,5","4,66","59200,59"
"15/8/2023, 11:34:12","24,3","44,6","5,06","800593,94"
"15/8/2023, 11:34:16","24,2","44,7","4,66",0
"15/8/2023, 11:34:22","24,3","44,7","4,14","650695,44"
"15/8/2023, 11:34:27","24,3","44,7","4,45","587998,44"
"15/8/2023, 11:34:31","24,3","44,6","5,43","255508,81"
"15/8/2023, 11:34:36","24,3","44,6","4,71",0
"15/8/2023, 11:34:42","24,2","44,5","4,66","520254,19"
"15/8/2023, 11:34:46","24,2","44,5","4,65","362766,13"
"15/8/2023, 11:34:51","24,2","44,4","4,6","138961,48"
"15/8/2023, 11:34:56","24,2","44,4","5,04","194850,11"
"15/8/2023, 11:35:01","24,3","44,4","4,74",0
"15/8/2023, 11:35:07","24,2","44,4","3,84","399672,81"
"15/8/2023, 11:35:11","24,2","44,4","5,49","266133,28"
"15/8/2023, 11:35:16","24,2","44,4","5,69","320914,69"
"15/8/2023, 11:35:22","24,2","44,4","4,57","332223,84"
"15/8/2023, 11:35:27","24,2","44,4","5,54",0
"15/8/2023, 11:35:31","24,2","44,4","4,53","287278,44"
"15/8/2023, 11:35:37","24,2","44,4","4,16","358003,03"
"15/8/2023, 11:35:42","24,2","44,3","4,66","294853,72"
"15/8/2023, 11:35:46","24,2","44,3","4,26","223950,81"
"15/8/2023, 11:35:52","24,2","44,3","4,91","273520,63"
"15/8/2023, 11:35:57","24,2","44,4","4,35","267892,84"
"15/8/2023, 11:36:01","24,2","44,4","4,52",0
"15/8/2023, 11:36:07","24,2","44,4","4,87","206269,31"
"15/8/2023, 11:36:12","24,2","44,3","5,06","239978,7"
"15/8/2023, 11:36:16","24,2","44,3","4,65","107,23"
"15/8/2023, 11:36:21","24,2","44,3","4,77",0
"15/8/2023, 11:36:27","24,2","44,3","4,94","234238,48"
"15/8/2023, 11:36:32","24,2","44,3","4,78",0
"15/8/2023, 11:36:37","24,2","44,3","5,2","64789,3"
"15/8/2023, 11:36:42","24,2","44,3","5,44","290142,84"
"15/8/2023, 11:36:46","24,2","44,3","5,18","170662,08"
"15/8/2023, 11:36:51","24,2","44,2","5,39",0
"15/8/2023, 11:36:57","24,2","44,3","5,43","172025,41"
"15/8/2023, 11:37:02","24,2","44,3","5,2","239186,69"
"15/8/2023, 11:37:07","24,2","44,3","4,66","130427,1"
"15/8/2023, 11:37:12","24,2","44,7","4,92",0
"15/8/2023, 11:37:17","24,2","45,3","5,13","159667,62"
"15/8/2023, 11:37:22","24,2","45,1","4,98","119051,82"
"15/8/2023, 11:37:27","24,2","45,4","4,97","166065,64"
"15/8/2023, 11:37:32","24,2","45,5","5,1","169404,11"
"15/8/2023, 11:37:37","24,2","45,3","5,02",0
"15/8/2023, 11:37:42","24,2","45,2","5,26","166745,7"
"15/8/2023, 11:37:47","24,2","44,9","5,33","164085,2"
"15/8/2023, 11:37:52","24,2","44,6","4,92","158127,64"
"15/8/2023, 11:37:56","24,2","44,5","4,55",0
"15/8/2023, 11:38:02","24,2","44,9","5,05",0
"15/8/2023, 11:38:06","24,2","45,1","4,94","4656,98"
"15/8/2023, 11:38:11","24,2",45,"4,53",0
"15/8/2023, 11:38:16","24,2","44,7","5,94","9004,18"
"15/8/2023, 11:38:22","24,2","44,6","4,31","135872,13"
"15/8/2023, 11:38:26","24,2","44,5","4,53",0
"15/8/2023, 11:38:32","24,2","44,4","5,02","138127,7"
"15/8/2023, 11:38:36","24,2","44,4","5,05","46,96"
"15/8/2023, 11:38:41","24,2","44,3",6,0
"15/8/2023, 11:38:50","24,2","44,4","5,23",0
"15/8/2023, 11:38:54","24,2","44,4","5,18","104345,66"
"15/8/2023, 11:38:59","24,2","46,7","5,01","3572,28"
"15/8/2023, 11:39:03","24,2",47,"4,66","115763,41"
"15/8/2023, 11:39:07","24,2","46,3","5,38","11529,88"
"15/8/2023, 11:39:12","24,2","45,6","5,06","104295,23"
"15/8/2023, 11:39:17","24,2","45,1","4,68","123328,08"
"15/8/2023, 11:39:22","24,2","47,7","4,68","116006,05"
"15/8/2023, 11:39:27","24,2","49,1","4,77","121570,27"
"15/8/2023, 11:39:32","24,2","47,5","4,93","122645,55"
"15/8/2023, 11:39:37","24,2","46,3","5,06","3364,15"
"15/8/2023, 11:39:41","24,2","45,6","4,91",0
"15/8/2023, 11:39:47","24,2","45,3","4,67","49460,33"
"15/8/2023, 11:39:52","24,2","45,1","5,18","117428,79"
"15/8/2023, 11:39:56","24,2","45,1",5,"92548,8"
"15/8/2023, 11:40:02","24,2","45,2","5,3","176450,27"
"15/8/2023, 11:40:06","24,2","45,1","5,33",0
"15/8/2023, 11:40:11","24,2",45,"4,83","34596,36"
"15/8/2023, 11:40:16","24,2","44,9","4,87",0
"15/8/2023, 11:40:22","24,2","44,8","5,09","104413,05"
"15/8/2023, 11:40:27","24,2","44,9","5,22",0
"15/8/2023, 11:40:32","24,2","44,7","4,75","101606,95"
"15/8/2023, 11:40:36","24,2","44,6","5,01","78195,93"
"15/8/2023, 11:40:41","24,2","44,5","4,2","91396,8"
"15/8/2023, 11:40:47","24,2","44,4","4,86","96852,43"
"15/8/2023, 11:40:52","24,2","44,3","5,43",0
"15/8/2023, 11:40:57","24,2","44,3","4,44","69107,37"
"15/8/2023, 11:41:01","24,2","44,2","4,81","5269,45"
"15/8/2023, 11:41:07","24,2","44,3","5,28","52509,81"
"15/8/2023, 11:41:12","24,2","44,3","5,35","88701,73"
"15/8/2023, 11:44:45","24,2","47,1","5,96",10828264
"15/8/2023, 11:44:49","24,2","46,1","5,84","70051,18"
"15/8/2023, 11:44:54","24,2","47,3","5,82","56,83"
"15/8/2023, 11:44:59","24,2","48,4","5,93","2044005,25"
"15/8/2023, 11:45:05","24,2","49,1","5,96","2438971,25"
"15/8/2023, 11:45:09","24,2","49,2","5,96","1175149,12"
"15/8/2023, 11:45:14","24,2","49,3","6,01","1490685,62"
"15/8/2023, 11:45:20","24,2","48,6","6,02","1153961,12"
"15/8/2023, 11:45:24","24,2","47,7","6,04","915082,69"
"15/8/2023, 11:45:29","24,2","47,9","6,04","891154,19"
"15/8/2023, 11:45:35","24,2","47,8","5,47","747442,56"
"15/8/2023, 11:45:39","24,2","46,9","5,78","479995,13"
"15/8/2023, 11:45:45","24,2","46,6","5,93","643987,44"
"15/8/2023, 11:45:50","24,2","48,1","5,82","564087,69"
"15/8/2023, 11:45:54","24,2","48,5","5,86","337107,88"
"15/8/2023, 11:46:00","24,2","49,1","5,94","548790,37"
"15/8/2023, 11:46:04","24,2","48,2","5,89","288614,31"
"15/8/2023, 11:46:09","24,2","47,6","5,84",0
"15/8/2023, 11:46:15","24,2","47,5","5,69","462242,28"
"15/8/2023, 11:46:19","24,2","47,3","5,63","399453,53"
"15/8/2023, 11:46:25","24,2","46,8","6,07","415920,41"
"15/8/2023, 11:46:29","24,2","48,2","5,96","212036,45"
"15/8/2023, 11:46:34","24,3",48,"5,94","407473,19"
"15/8/2023, 11:46:39","24,2","48,4","6,09",0
"15/8/2023, 11:46:44","24,2","47,5","6,45","170010,78"
"15/8/2023, 11:46:49","24,2","46,4","6,07","339236,66"
"15/8/2023, 11:47:49","24,2","44,8","6,44",0
"15/8/2023, 11:47:54","24,2","44,6","5,55",0
"15/8/2023, 11:48:02","24,2","45,3","6,96",0
"15/8/2023, 11:48:07","24,2","45,7","6,89","725212,25"
"15/8/2023, 11:48:11","24,2","45,9","6,21","414332,47"
"15/8/2023, 11:48:16","24,2","47,1","6,2","431301,25"
"15/8/2023, 11:48:20","24,2","47,9","6,22","67538,9"
"15/8/2023, 11:48:25","24,2","48,5","6,44","548255,62"
"15/8/2023, 11:48:29","24,2","48,6","6,06","96557,68"
"15/8/2023, 11:48:34","24,2","48,5","5,94","956725,37"
"15/8/2023, 11:48:39","24,2",48,"5,96","694702,75"
"15/8/2023, 11:48:43","24,2","47,8","5,67",0
"15/8/2023, 11:49:22","24,2","45,2","6,92",0
"15/8/2023, 11:49:28","24,2","45,1","6,12",0
"15/8/2023, 11:49:33","24,2","44,9","6,36",0
"15/8/2023, 11:49:38","24,2","44,8","6,65","557261,13"
"15/8/2023, 11:49:43","24,2","44,7","6,44","792828,44"
"15/8/2023, 11:49:48","24,2","44,6","6,86","1776516,87"
"15/8/2023, 11:49:53","24,2","44,7","6,82","1358408,12"
"15/8/2023, 11:49:58","24,2","44,9","6,61","281903,72"
"15/8/2023, 11:50:03","24,2","44,9","6,53","784217,81"
"15/8/2023, 11:50:08","24,2","44,7","6,43","744242,56"
"15/8/2023, 11:50:13","24,2","44,6","6,53","696938,94"
"15/8/2023, 11:50:18","24,2","44,5","6,51","767495,81"
"15/8/2023, 11:50:23","24,2","44,5","6,26","270780,63"
"15/8/2023, 11:50:28","24,2","44,5","6,31","556404,69"
"15/8/2023, 11:50:33","24,2","44,4","6,48","618019,25"
"15/8/2023, 11:50:37","24,2","44,4","6,34",0
"15/8/2023, 11:50:43","24,2","44,4","6,41","416716,66"
"15/8/2023, 11:50:48","24,2","44,4","6,44","1007,56"
"15/8/2023, 11:50:53","24,2","44,4","6,09","143446,67"
"15/8/2023, 11:50:58","24,2","44,3","6,49",0
"15/8/2023, 11:51:03","24,2","47,3","6,11",377033
"15/8/2023, 11:51:08","24,2","46,6","6,34",0
"15/8/2023, 11:51:13","24,2","45,8","5,99",0
"15/8/2023, 11:51:26","24,2","45,1","6,79",0
"15/8/2023, 11:51:26","24,2","45,4","6,87",0
"15/8/2023, 11:51:30","24,2","44,8","5,96","208137,73"
"15/8/2023, 11:51:35","24,2","44,7","6,17",0
"15/8/2023, 11:51:39","24,2","44,6","6,56",0
"15/8/2023, 11:51:43","24,2","44,5","6,2","330856,34"
"15/8/2023, 11:51:48","24,2","44,4","6,21","530423,5"
"15/8/2023, 11:51:53","24,2","44,4","6,33","156551,27"
"15/8/2023, 11:51:58","24,2","44,3","6,43",0
"15/8/2023, 11:52:03","24,2","44,3","6,69","131428,03"
"15/8/2023, 11:52:08","24,2","44,3","6,49",0
"15/8/2023, 11:52:13","24,2","44,3","6,57","450,94"
"15/8/2023, 11:52:18","24,2","46,4","6,61","257806,84"
"15/8/2023, 11:52:23","24,2","46,7","5,25","220179,75"
"15/8/2023, 11:52:28","24,2","46,2","6,44","239380,89"
"15/8/2023, 11:52:33","24,2","45,6","6,49","227935,19"
"15/8/2023, 11:52:38","24,2","45,1","6,57","137228,28"
"15/8/2023, 11:52:43","24,2","44,8","6,82","126346,22"
"15/8/2023, 11:52:48","24,2","44,6","5,91","217298,89"
"15/8/2023, 11:52:53","24,2","44,6","6,5","202373,95"
"15/8/2023, 11:52:58","24,2",45,"5,96","187004,28"
"15/8/2023, 11:53:03","24,2","44,8",6,"177731,33"
"15/8/2023, 11:53:08","24,2","44,5","5,95","106496,99"
"15/8/2023, 11:53:13","24,2","44,4","6,33","78751,91"
"15/8/2023, 11:53:18","24,2","44,4","6,57",239306
"15/8/2023, 11:53:23","24,2","44,4","6,37","187012,66"
"15/8/2023, 11:53:28","24,2","44,5","6,33","178512,33"
"15/8/2023, 11:53:33","24,2","44,9","6,15","78183,61"
"15/8/2023, 11:53:38","24,2",45,"6,07","71683,63"
"15/8/2023, 11:53:43","24,2","45,1","6,35","149811,59"
"15/8/2023, 11:53:48","24,2","45,1","6,14",0
"15/8/2023, 11:53:53","24,2","45,3","6,33","89280,3"
"15/8/2023, 11:53:58","24,2","46,1","6,86","130355,75"
"15/8/2023, 11:54:03","24,2","45,9","6,46","131810,14"
"15/8/2023, 11:54:08","24,2","47,2","6,36",0
"15/8/2023, 11:54:13","24,2","46,4","6,45","75107,48"
"15/8/2023, 11:55:16","24,2","44,9","6,06",13952919
"15/8/2023, 11:55:21","24,2","44,5","6,24",2950738
"15/8/2023, 11:55:25","24,2","44,4","6,35",0
"15/8/2023, 11:55:30","24,2","44,3","6,54","1935037,12"
"15/8/2023, 11:55:36","24,2","44,2","6,41","8,63"
"15/8/2023, 11:55:40","24,2","44,2","6,57",0
"15/8/2023, 11:55:45","24,2","44,2","5,99","1165036,37"
"15/8/2023, 11:55:50","24,2","44,2","6,41","1034272,69"
"15/8/2023, 11:55:55","24,2","44,1","5,93",0
"15/8/2023, 11:56:00","24,2","44,1","6,33","187,44"
"15/8/2023, 11:56:05","24,2","44,1","6,18","645729,56"
"15/8/2023, 11:56:10","24,2","44,1","5,7","656644,87"
"15/8/2023, 11:56:16","24,2","46,5","6,03","442700,97"
"15/8/2023, 11:56:20","24,2","46,5","6,25","264393,69"
"15/8/2023, 11:56:25","24,2","45,9","6,16","722491,44"
"15/8/2023, 11:56:30","24,2","45,5","6,14",0
"15/8/2023, 11:56:35","24,2",46,"6,28","600307,31"
"15/8/2023, 11:56:40","24,2","46,9","5,95","367663,88"
"15/8/2023, 11:56:45","24,2",47,"6,23","549029,44"
"15/8/2023, 11:56:50","24,2","46,1","6,04",0
"15/8/2023, 11:56:55","24,2","47,6","6,02","315252,69"
"15/8/2023, 11:57:01","24,2",47,"6,12","194414,53"
"15/8/2023, 11:57:06","24,2","46,3","5,79","395607,97"
"15/8/2023, 11:57:11","24,2","45,9","6,08","138535,25"
"15/8/2023, 11:57:15","24,2","45,4","6,47","345581,38"
"15/8/2023, 11:57:21","24,2","45,3",6,"324523,72"
"15/8/2023, 11:57:25","24,2","45,1","6,18","348207,5"
"15/8/2023, 11:57:31","24,2","45,2","6,19","300897,69"
"15/8/2023, 11:57:35","24,2",46,"6,36",0
"15/8/2023, 11:57:40","24,2","45,7","6,45","125736,68"
"15/8/2023, 11:57:45","24,2","45,3","5,23",0
"15/8/2023, 11:57:52","24,2",45,"6,57",0
"15/8/2023, 11:57:56","24,2","44,9","6,17","224394,48"
"15/8/2023, 11:58:00","24,2","44,7","6,2","167011,84"
"15/8/2023, 11:58:05","24,2","44,6","6,56","236487,53"
"15/8/2023, 11:58:10","24,2","44,6","6,43","116263,38"
"15/8/2023, 11:58:16","24,2","44,5","6,36","147649,38"